Age,Education,Employment,Income_Stability,Bank_Balance,Past_Loan_Records,Utility_Payment,Digital_Payment,Spending_Percentage,Loan_Status
56,0,1,0.6767436832211856,4563,0,0,0,0.7699780156950197,0
46,3,0,0.29443436425863967,2024,0,1,0,0.2918559617652722,0
32,1,1,0.6576291594080467,8724,0,0,0,0.25596661719890446,1
60,3,1,0.6851809831583381,6698,1,1,0,0.5039291610001114,1
25,0,1,0.2368223678157833,4525,1,1,0,0.7149977050900104,0
38,2,1,0.15521466439960135,3066,1,0,0,0.14955721486319035,0
56,0,0,0.8026854274615959,3303,0,0,1,0.5614463357106046,0
36,0,1,0.5138203813923882,4209,0,1,1,0.1953683542724587,0
40,0,0,0.15234741595492823,6655,1,1,1,0.12916884066049478,0
28,0,0,0.9953796854527904,1219,0,0,0,0.14219516172977392,0
28,2,0,0.15200250489672998,7016,0,1,0,0.7673312865667531,1
41,2,0,0.7255317059726979,5079,1,0,0,0.19437798690244926,0
53,3,0,0.9853110327370722,1472,1,1,1,0.13612109152983357,1
57,1,0,0.31526209379433306,4218,1,1,0,0.4503199097143299,0
41,2,0,0.22802443181847656,7895,0,0,0,0.7751947775536199,1
20,2,0,0.209246445480186,4902,0,0,1,0.30992670119144156,0
39,1,0,0.372947632810836,5052,0,0,0,0.4373700940207331,0
19,2,0,0.190941229909582,2707,0,1,1,0.131938026051001,0
41,0,1,0.7229452075247187,4926,0,1,1,0.4592628113079007,1
61,0,1,0.15606261831705642,7419,1,1,0,0.562090464509707,1
47,1,1,0.5584799153348108,9335,0,1,1,0.5567256430017159,1
55,3,0,0.9970271684676791,8886,0,0,0,0.3659413537394921,1
19,3,1,0.8325732425554169,9180,0,1,1,0.3524265445305085,1
38,1,1,0.6536974944079098,2704,1,1,0,0.18529889514927833,1
50,1,1,0.37562825870795047,5845,1,1,1,0.3934386565170147,0
29,0,0,0.6615062526624746,3776,1,0,0,0.17959573509837173,0
39,3,0,0.5743373175204864,1602,0,1,1,0.7132767557696413,0
61,2,0,0.48347504550133436,5743,1,1,1,0.8730194381985487,0
42,0,0,0.21763933906617955,7114,1,0,1,0.8760595653333655,1
44,1,1,0.8979437937164201,9933,1,1,0,0.7920568795003151,1
59,3,1,0.5048061839391903,9207,0,1,0,0.5806337194716953,1
45,2,1,0.2751602606386886,5723,1,0,1,0.6606925577951039,0
33,2,1,0.4309834157895607,9084,0,1,0,0.3281646421443313,1
32,0,0,0.47271677727603434,1130,0,1,1,0.6046163361380965,0
64,3,0,0.8447841060101868,9671,1,1,0,0.464519639551902,1
61,3,0,0.7602529425052619,7183,0,0,1,0.48561387182154603,1
20,1,1,0.7923744042772058,777,1,1,0,0.7062212483001263,1
54,3,0,0.10992813798578249,732,0,1,1,0.3255346844778013,0
24,3,0,0.47453859836178536,6190,1,0,1,0.354431689355616,0
38,0,1,0.5332097364717913,8159,1,0,1,0.8397134329029093,1
26,3,1,0.11727304914075103,525,1,1,1,0.1449794358807778,0
56,2,0,0.3338318878705308,7968,0,1,0,0.48850743873067237,1
35,0,0,0.7842608408099215,6910,1,1,1,0.8302406403262894,1
21,0,0,0.22339873515609915,9152,0,1,0,0.5882904062545257,1
42,1,0,0.5817791183073325,4264,1,0,0,0.5371256593697057,0
31,3,0,0.29368168481551377,7099,0,1,1,0.2997953433834842,1
26,1,0,0.11090869717950395,5602,0,0,0,0.37462039125155866,0
43,2,1,0.3170813118395873,7506,1,0,0,0.7816387326437544,1
19,0,1,0.9782863794190484,3983,1,1,0,0.5473745054147665,1
37,0,1,0.8213834006946906,2494,1,1,1,0.5117937550054239,1
45,0,0,0.9636189798889301,9182,1,0,0,0.17966377083202315,1
64,2,1,0.5390686395337262,1572,1,0,0,0.1128225251640985,0
24,2,0,0.19876257880975318,7207,0,1,1,0.8709481509496393,1
61,1,0,0.5931635400763237,715,1,0,1,0.40158893382947336,0
25,1,1,0.5089396011039649,8105,1,1,0,0.5825704496796035,1
64,1,0,0.8599213744656543,3106,0,1,1,0.16377205854982801,1
52,3,0,0.18827432270582012,8850,1,0,0,0.6464914285784372,1
31,0,1,0.5394170233196004,5281,1,0,0,0.8460533669647687,0
34,0,1,0.23504379822458585,3813,0,1,0,0.5605322023979358,0
53,1,1,0.39220833420105394,8263,1,0,1,0.20089225790032847,1
57,0,0,0.7636213696490197,6439,1,1,0,0.5653772219787814,1
21,1,1,0.5284163164318899,2795,1,1,1,0.7130777704837219,0
19,3,1,0.4382994566311924,6185,0,1,1,0.42513322925921493,0
23,3,0,0.4550286507130318,2196,1,0,0,0.8038701983531743,0
59,2,1,0.513502091565388,2446,0,1,1,0.6189463626858915,0
21,3,1,0.8065148894533511,3283,1,1,1,0.819399134631362,1
46,1,1,0.9028762200462109,4144,0,1,1,0.5988042489978698,1
35,3,0,0.9598012178535354,5741,1,1,1,0.2050303776038594,1
43,2,0,0.8082130476297655,6920,0,1,1,0.3477533688841513,1
61,0,0,0.38386620617321143,8057,0,1,0,0.26143595860196556,1
51,1,0,0.719321235477888,3145,0,1,1,0.8270611981734899,1
27,0,1,0.4938428116498528,7089,0,1,0,0.7083200538299862,1
53,2,0,0.32920355984144606,6853,0,1,0,0.6411186951280048,0
31,2,0,0.8567844214833303,2432,0,1,0,0.34077305570529737,1
48,2,1,0.1345837140660925,2257,1,1,0,0.24723581764017083,0
32,0,1,0.9115857929218811,5585,1,0,0,0.7051608703911295,0
25,0,1,0.5153297181622608,6137,0,1,0,0.47932635670326373,0
31,0,0,0.6734813291274524,1616,0,1,1,0.2806316417205033,1
40,0,0,0.6934185299852045,992,0,1,1,0.5932975825322201,1
57,2,0,0.9056059666358828,9311,0,0,1,0.1322670817107616,1
38,2,1,0.6730027139504866,8388,1,1,0,0.3609362033026028,1
33,1,1,0.6525402262840556,6974,0,0,1,0.47484559567290774,0
62,1,0,0.15998683650462098,5458,1,1,1,0.21836666728752469,0
35,0,1,0.5665672197506837,9967,1,1,1,0.8877235820726717,1
64,3,1,0.2351521007353375,3243,0,0,0,0.2672778916716914,0
41,3,1,0.7636903918493371,8366,0,1,1,0.20428250403461246,1
43,2,0,0.560999728731407,7660,1,0,0,0.2628278991095171,1
42,2,1,0.712205001287518,5951,1,0,1,0.7152489065277794,0
62,2,1,0.13750561054214586,5758,0,1,0,0.44040452741747427,0
58,1,0,0.1763128144412229,9048,0,1,0,0.5523327518020305,1
46,1,0,0.744691049256414,7686,0,1,0,0.1168073255890886,1
32,2,1,0.16487590239880603,6602,1,1,1,0.12754504685865165,0
62,2,1,0.16413105498873276,9561,1,0,1,0.456660439861613,1
18,2,0,0.11089762771139872,9577,0,0,0,0.7533241945612988,1
42,3,0,0.9608512584695321,9975,1,1,1,0.8081911029660522,1
24,1,1,0.7637575235131062,1119,1,0,0,0.16936525407651218,0
26,3,1,0.4179262676518578,1382,0,0,0,0.5306904816808182,0
41,3,1,0.36688202315888974,9488,0,1,1,0.8305837490234164,1
18,2,1,0.4147329067712646,4142,1,0,1,0.4103782035183091,0
61,2,0,0.7971881780630636,1796,1,0,1,0.7636526651426949,0
25,0,1,0.6952335499633729,8936,0,1,0,0.20695652351954896,1
41,0,1,0.26667601108072114,3395,0,0,0,0.848315591734239,0
28,3,0,0.25669840180067593,7093,0,1,1,0.7011386540250422,1
34,1,1,0.1885560847420576,1429,0,0,0,0.8530675142295213,0
25,2,0,0.6942724477312043,5866,0,1,1,0.6412937868420052,1
52,2,1,0.7879353959995623,9211,1,0,0,0.3907231455995416,1
52,3,1,0.33854178549250363,3712,1,0,1,0.8505449380197779,0
50,0,0,0.11885046492782153,2909,1,1,1,0.32045342104734276,0
22,1,0,0.1739545007287846,8699,1,1,0,0.36573801764938607,1
59,0,1,0.9710740313605274,3923,0,1,1,0.6606467344013922,1
56,0,1,0.3659002997296783,7476,0,1,1,0.7122530396203091,1
58,0,1,0.7923008330543202,8094,0,0,0,0.843522787079323,1
45,0,0,0.6621972119688374,5658,1,0,1,0.2638419272449676,0
24,2,1,0.44374567568760637,4167,1,0,0,0.7383984281753792,0
26,2,0,0.2851185359759996,6473,1,1,1,0.6908368427175707,0
25,0,0,0.2092477763434658,6736,0,0,0,0.1510356450028783,0
29,1,1,0.65351167123498,8777,1,0,1,0.4097785129681656,1
51,3,0,0.7971704025740092,2968,0,1,1,0.3262123656480789,1
50,1,1,0.6795138281870176,6717,0,1,1,0.3435923394832243,1
40,1,1,0.5772719199242425,4119,0,0,1,0.8863575036437606,0
41,1,1,0.13775610108847264,2136,0,1,0,0.6142219307839423,0
54,0,1,0.9716398998349454,8655,0,0,0,0.6741409262347997,1
52,2,1,0.8188427724891171,4083,0,0,0,0.8812941098520074,0
61,1,0,0.36353983303086823,4509,1,1,0,0.401761425966111,0
57,0,0,0.9819732964229656,3826,0,0,0,0.7414721347622447,0
39,1,1,0.6416934306726899,8648,0,1,0,0.4476247706435963,1
44,1,1,0.6241803923865218,2717,1,1,0,0.7956269374519839,1
52,0,0,0.7732658614865789,5467,0,0,1,0.24452603304904255,0
18,2,0,0.8305928092811238,2869,1,0,1,0.8581489416514237,0
52,2,0,0.6908307465983524,4138,1,0,1,0.27501736672870375,0
54,3,0,0.21528617172958003,9635,1,1,1,0.3609764055847452,1
64,0,1,0.40444075539504853,6222,0,0,0,0.7049537872854245,0
31,3,1,0.9352752762934448,4944,0,1,0,0.41500411325232534,1
20,3,0,0.30215405065946677,8118,1,1,0,0.5865691014131573,1
18,3,1,0.434950321453762,4447,0,0,1,0.4556588008555428,0
22,2,0,0.4888691946497764,2176,0,1,0,0.6938959496718254,0
43,0,1,0.495464490725007,1696,1,0,1,0.2826650018948887,0
31,3,0,0.651645624245073,3287,1,0,0,0.14676638978950163,0
56,0,1,0.9487682539702368,7932,0,0,0,0.339943517978453,1
44,0,0,0.31662344064925446,8427,1,0,0,0.4794469318947442,1
26,2,0,0.20935123867082628,3818,1,0,0,0.23441604175414288,0
32,3,1,0.27772344087394363,9358,1,0,1,0.383837831725111,1
32,3,0,0.8982324101883425,7189,0,0,1,0.41998641463485487,1
43,0,1,0.6812297313896855,2676,0,1,0,0.14591347495061885,1
59,1,1,0.35731611031524413,4243,0,0,1,0.5666457985473636,0
30,2,0,0.8343522450717555,9292,1,1,0,0.80747474237703,1
49,2,1,0.8752329967270924,4922,0,1,0,0.22139433036244194,1
56,2,1,0.8618629048212503,4324,1,1,0,0.5782464107212112,1
49,2,1,0.927033880275599,9671,0,0,0,0.631791363928677,1
21,3,1,0.3270169181560254,2951,0,1,1,0.4354677443354307,0
47,3,1,0.7795377358716504,1128,1,1,0,0.660878069891416,1
54,1,0,0.514485547546726,8278,0,0,0,0.42858523479280963,1
40,2,1,0.8577986976010554,4196,1,0,1,0.5037098303819479,0
56,2,1,0.7556416094454519,4174,0,1,0,0.10588243564354159,1
62,0,1,0.7988027018497522,4429,0,0,1,0.6533760913077511,0
32,3,1,0.6905456539129643,3265,1,0,0,0.6290741431557796,0
60,2,1,0.2596858925227362,4869,1,0,0,0.13072070186107565,0
46,1,0,0.5905242270072445,8807,1,0,0,0.3946000859161065,1
53,1,1,0.9862027655720573,5456,0,1,0,0.883225472633334,1
30,3,0,0.943649259847407,1192,0,0,0,0.43658925005489346,0
49,1,0,0.1388563622173105,3662,0,0,0,0.5015563241054734,0
24,1,0,0.24833333415649342,1605,1,0,1,0.8279441265277748,0
39,3,0,0.21855589610910572,3508,1,1,0,0.6738095006926051,0
45,2,1,0.753381918986766,2661,1,1,1,0.5656561048993789,1
19,2,0,0.8360067968712506,8845,0,0,1,0.7382437450728581,1
59,1,0,0.29216022967960475,4199,0,0,0,0.7914930131647786,0
62,1,1,0.5552674236566462,4286,1,1,1,0.46551045738981356,0
23,2,1,0.85663272521008,9756,0,0,0,0.4800866919454684,1
45,3,1,0.7595213902896255,4700,1,0,1,0.4088407485214687,0
45,1,0,0.5880134849426635,2413,0,1,0,0.8733649120147685,0
61,0,1,0.6313129214128956,9908,0,0,1,0.6577330034322804,1
61,3,1,0.557524492224652,6020,1,0,1,0.16657845296645785,0
37,1,0,0.36779360618693857,2272,0,1,0,0.7903676986504148,0
47,1,1,0.6085197935731145,3280,0,1,1,0.4844479526690145,1
28,0,1,0.7199967718450816,7923,1,0,0,0.15500312513798997,1
45,0,1,0.8859906242747269,3371,1,1,0,0.5397738041306489,1
42,2,1,0.6726622185813232,1160,0,0,0,0.4337314231805617,0
56,3,0,0.7850093833388422,6742,1,0,0,0.8021995238901,0
50,3,1,0.2440644714591157,1632,0,0,0,0.26319568288750994,0
18,2,1,0.515401726977811,1199,1,1,1,0.7611716875937463,0
44,3,0,0.10839845784438397,7970,0,1,1,0.5461509529483622,1
30,3,1,0.3220109780694607,6797,0,0,1,0.14368824257077525,0
58,3,0,0.7538155436017043,8312,1,0,0,0.8774762410603877,1
20,3,1,0.9926289562144271,5057,0,1,1,0.51009219528256,1
56,3,0,0.18926028962849434,2679,0,1,1,0.332701483385266,0
23,0,0,0.4613448842751594,9565,1,1,1,0.4755254735914065,1
25,3,0,0.8200638718292436,8775,1,0,1,0.7862862268139912,1
44,0,0,0.28363207116600897,1922,0,1,1,0.3439224995080508,0
26,3,1,0.5995764543720576,3680,1,1,0,0.2541411171893603,0
54,2,0,0.7597641664267073,4816,1,0,0,0.20325699754470516,0
50,1,1,0.6543869052341611,7196,0,0,1,0.338287518712169,1
59,0,0,0.26922226115387454,1114,0,0,0,0.7240384696320348,0
61,3,0,0.41984611181716547,5070,1,1,0,0.4773010921562094,0
41,2,0,0.8054126060368575,770,1,0,1,0.281985282954832,0
32,1,1,0.598803862718815,2968,1,0,1,0.23294799968779936,0
49,0,0,0.10470665218862146,4107,0,0,0,0.3661835812083033,0
49,1,1,0.7848916840252844,3575,0,0,1,0.8519394983085671,0
41,2,1,0.13178021944621518,789,0,1,0,0.3744213700720195,0
58,0,1,0.771160404458109,8620,0,0,0,0.8904992607637083,1
29,1,1,0.2822325041487137,7114,0,1,1,0.488184364612285,1
56,3,1,0.9622661321074422,3752,0,1,0,0.24333113463212072,1
19,0,1,0.4311466761718761,7915,0,1,0,0.8129120734348075,1
20,1,1,0.3942384547042712,7271,1,0,0,0.4682842985078616,1
54,2,1,0.23399924529920021,778,1,1,1,0.6677370748036195,0
34,2,1,0.37504379394119336,1080,0,0,1,0.8869692665673214,0
19,0,0,0.8889856856453805,5458,0,0,1,0.14014028025597922,0
19,1,0,0.9967009038645226,8945,0,0,1,0.17735564783005373,1
45,0,0,0.43147857745616347,4776,1,1,0,0.6763653931702049,0
40,0,0,0.5037495678590883,8497,0,0,1,0.32546000263637764,1
54,1,0,0.7498638443824633,5276,1,0,1,0.24744111756007925,0
49,1,1,0.8975762024185671,1324,1,0,1,0.13148950385578362,0
50,3,1,0.6337399007681057,4332,1,1,1,0.11747736958896145,1
18,1,1,0.4523731283600464,9391,1,1,0,0.7195884824958327,1
36,2,1,0.47135965676376135,5945,1,1,0,0.20754674189564,0
19,0,1,0.7260563318471261,1880,0,0,0,0.47417649277692075,0
61,0,1,0.10289643724385082,7034,0,1,1,0.5847174521435864,1
43,2,1,0.6576304037138566,3656,1,0,1,0.44268144045507707,0
49,1,0,0.4199437093972217,4807,0,0,0,0.12168532186898649,0
23,2,0,0.8147775981493758,6134,1,1,1,0.7268012020703271,1
49,2,0,0.18369157584081897,9075,1,0,1,0.10841057963332279,1
21,3,0,0.6293820402535515,6310,0,1,0,0.7095119155019872,1
28,2,1,0.5328756008975114,9033,0,0,0,0.8146435950304982,1
34,0,1,0.6780929733147046,6434,0,1,1,0.44627193684573785,1
55,2,1,0.1583682350346715,3609,0,0,1,0.5284339784782386,0
41,0,0,0.6219854086853182,4582,0,0,1,0.481586714094123,0
22,0,1,0.6053361291635714,3740,1,0,0,0.4113668948987511,0
51,0,1,0.6045940849745538,6528,0,0,0,0.8099396282962882,0
23,1,1,0.6431388999368093,2349,0,0,0,0.8151468085359924,0
39,3,0,0.708821143503726,8997,0,1,0,0.3686530917132277,1
28,0,1,0.8244900997126928,3249,1,0,1,0.5920558032117584,0
33,0,0,0.3428386481153929,7180,0,1,0,0.8415260497166913,1
50,1,0,0.8425444691620558,9827,1,1,0,0.8696467991530813,1
26,0,0,0.5484301140371083,705,0,1,1,0.507167232337638,0
23,2,0,0.16935245122089804,7852,0,0,1,0.46225984422746147,1
33,2,1,0.15269583631958128,5091,1,0,1,0.32295545274282067,0
46,3,0,0.4008144868264547,3950,0,0,0,0.867097498552328,0
20,0,0,0.8064072794003208,7714,0,1,1,0.2142514435782939,1
37,1,1,0.7369128412668242,4311,1,0,1,0.5638636608381801,0
53,2,1,0.8097534682051658,5641,0,0,0,0.3260402140149111,0
36,1,0,0.5655421507974484,9001,1,1,0,0.3232066322782373,1
43,1,1,0.49617909815994155,3208,1,1,1,0.4239748699009508,0
20,2,0,0.23270727403565555,2491,1,1,0,0.8990343486525236,0
36,1,0,0.39537347824838043,8963,1,1,1,0.14397304547185766,1
37,2,0,0.4906174295564878,3773,1,1,1,0.5628334545628252,0
49,1,0,0.17974038671165551,5038,0,1,0,0.16605772642822175,0
24,2,1,0.29855075744009013,9212,0,0,1,0.2236166639924152,1
58,0,0,0.6384027646573649,9668,0,1,0,0.45165035341831894,1
50,3,1,0.7620968028152708,4222,1,0,0,0.508368105077153,0
57,2,1,0.9985127602536547,4051,1,0,0,0.3070339266916192,0
56,2,1,0.9398019982092018,3332,1,0,1,0.353165704699533,0
35,3,1,0.6783086795816724,6179,1,1,0,0.16957361620474645,1
57,2,0,0.47912324796466477,7079,0,0,0,0.34257582707540046,1
18,2,1,0.6725596282374094,652,0,1,1,0.8732467515044353,1
28,1,0,0.8070864562722088,6254,1,1,1,0.8557659053379854,1
45,3,1,0.2065025718310486,3300,1,0,1,0.36790263210958807,0
42,0,1,0.46891440072665946,5810,0,1,1,0.5566831490230093,0
40,2,0,0.8558220570720555,3110,1,0,0,0.8276763128887555,0
48,3,0,0.4454496567397396,1604,1,0,0,0.10494705811271735,0
47,1,0,0.6146850441044679,7861,1,1,0,0.7485468562700736,1
59,0,1,0.6289924247759784,4699,0,0,1,0.8586956422311353,0
52,3,1,0.2660286278202754,4354,0,0,1,0.17306058746684566,0
24,0,0,0.4260118974870596,7763,1,0,0,0.22915814882633684,1
33,0,0,0.4010601598677389,2414,0,1,1,0.8685970422170843,0
43,0,0,0.12357703767885832,7865,1,0,1,0.5300321149122771,1
19,2,0,0.12177258750221973,3572,1,1,0,0.11135730757737897,0
18,2,1,0.8485273393081961,9698,0,1,0,0.30610559901082335,1
29,1,0,0.3457637289755312,906,1,0,1,0.4599549394150877,0
22,1,0,0.5662708896149339,666,1,0,1,0.6543271288198141,0
54,3,0,0.36885301622989575,1008,0,1,1,0.6865283025094396,0
49,1,0,0.9466113206038065,2161,1,1,0,0.896337210340365,1
26,0,1,0.33336708297919637,4164,1,0,0,0.33000895950700726,0
58,0,0,0.4866911314650416,3989,1,0,0,0.5305760814947802,0
52,2,1,0.8854572254361417,1180,0,1,0,0.526658838287684,1
36,0,0,0.8577402101126278,3024,1,1,0,0.42451620755779007,1
33,3,0,0.2674912760616496,2620,0,1,1,0.23532951507393618,0
20,0,1,0.8223789788161394,5760,1,1,1,0.8819652505470741,1
37,0,0,0.5123681980641034,4857,1,1,1,0.7826537493332689,0
41,3,1,0.5346719848768197,1863,1,0,0,0.49866642263538974,0
50,1,1,0.2201319751743494,2792,1,1,0,0.5825963381472239,0
41,1,0,0.1725413623814122,2038,0,1,0,0.2818088428477299,0
28,3,1,0.7551453762763887,3908,0,0,1,0.5350296563133975,0
25,2,1,0.5468150371197698,8242,1,0,0,0.6559761064971806,1
53,0,1,0.4931656323536616,9252,1,1,0,0.5121336227092711,1
55,3,1,0.756557405787157,9791,1,1,1,0.8922281364679531,1
57,0,1,0.7889616090919988,2403,1,0,0,0.589073324998181,0
37,2,1,0.24301735090241822,674,1,1,1,0.3967789700737353,0
52,0,1,0.6492026345298771,2730,1,1,0,0.7177216220926705,1
42,3,1,0.22181867404991698,4787,1,0,0,0.23637000926531365,0
52,0,0,0.7762375774261411,4660,1,1,1,0.4076126509650132,1
42,1,0,0.6912596406404256,7606,0,0,1,0.3775671603020687,1
46,2,1,0.9609531589751121,3671,0,0,1,0.4454456760862219,0
35,2,0,0.16206221472077909,2067,0,0,1,0.725423860742981,0
63,2,1,0.1513492490361289,1651,1,0,1,0.48733842573072594,0
35,3,1,0.35396836722388014,8119,1,1,1,0.7352115602127702,1
19,2,0,0.3355351153623154,6533,1,0,0,0.5611911225118927,0
52,1,1,0.32228091916479984,9060,0,1,0,0.37365554772604426,1
33,3,1,0.915629122468933,5446,1,1,1,0.747982994946778,1
58,1,1,0.3245915798645555,8734,0,1,0,0.2906317364424733,1
53,0,1,0.3447547535157679,2407,1,1,1,0.2795063838398364,0
50,0,0,0.7834584361761673,3990,0,1,0,0.5036023392438687,1
21,0,1,0.504765858205486,3035,0,0,1,0.30867939676967115,0
50,0,1,0.799039501259663,4673,0,0,0,0.10726962796097306,0
31,1,1,0.15882954180794673,1793,1,0,0,0.6186380218390413,0
38,3,0,0.5388140743060459,5269,0,0,0,0.5088750571779185,0
37,3,1,0.13025224016495437,5296,1,1,0,0.456414251594529,0
25,2,0,0.15638788310981908,7371,1,0,0,0.8735748116946523,1
24,1,0,0.9157937080099698,3472,1,1,1,0.556959347170331,1
20,0,1,0.22532083400583566,4422,1,1,1,0.7907452622315077,0
34,1,1,0.5791786140476954,5497,1,0,1,0.21156018896412815,0
50,2,0,0.4699860423406359,7532,0,0,0,0.5553651705035422,1
29,2,1,0.41260899363295844,1492,1,0,1,0.7943837013847224,0
39,1,0,0.9098500111185452,8612,1,0,0,0.5664846058239185,1
39,1,0,0.11964105709794055,5787,1,1,0,0.6744113425016012,0
63,1,1,0.6974107175580302,2740,1,1,0,0.39763485424976597,1
47,3,1,0.9670549907921954,1976,1,0,1,0.1739596136296533,0
55,0,0,0.6041513651156577,6926,0,1,0,0.4663202361016572,1
55,1,0,0.9431402158297827,889,0,1,1,0.41558351267108606,1
62,1,0,0.1470320913574214,1499,1,1,1,0.7936481459031579,0
25,1,0,0.47691398716674527,2355,0,0,0,0.2951962418819778,0
44,2,1,0.334142011865846,8625,0,1,0,0.8733873820280865,1
44,2,1,0.7577388684826568,9350,1,0,1,0.866510495843597,1
51,3,1,0.983167381447522,3263,0,0,1,0.29810531445715094,0
38,0,1,0.33087705619982305,4163,1,1,1,0.3784415643818564,0
47,3,1,0.688757141326667,5486,0,1,1,0.8164445926991081,1
50,0,0,0.27828786948376616,1981,0,0,1,0.873297776716886,0
45,2,1,0.6087972291144489,7756,0,1,1,0.4547512822688352,1
64,2,1,0.5175392380195026,4231,1,1,0,0.35679763651271823,0
50,2,1,0.9748047966683834,7762,0,0,1,0.5208752106012337,1
22,3,1,0.6476745454268199,951,0,0,1,0.6502153650925878,0
36,1,1,0.4145557348781369,3593,1,0,1,0.31877961229998386,0
21,1,0,0.20268620639914003,1382,1,0,1,0.6891785396952582,0
52,2,0,0.23612214586144112,4908,0,1,0,0.14132588569171284,0
34,1,0,0.3027852369561116,4568,1,1,0,0.13943559421153318,0
61,1,1,0.3258699952062682,3777,0,0,1,0.4090301641164362,0
45,3,0,0.865554452057024,9066,0,0,1,0.3827785536485765,1
47,0,0,0.6051005094542724,8451,1,0,1,0.35250657229372184,1
46,2,1,0.5710518202369298,5190,1,1,0,0.492815810135128,0
63,2,1,0.20329198468229573,5095,1,0,0,0.35658686584925703,0
23,3,1,0.8741257240144915,5059,0,1,0,0.25380633477447356,1
52,3,0,0.7505328728876354,7791,1,0,0,0.34757563927088075,1
58,1,0,0.16090152571000144,8660,0,0,0,0.879923418248188,1
54,2,1,0.7370515875067918,612,1,0,0,0.4288907335958789,0
41,0,1,0.5891843956083814,5631,0,1,1,0.4557702214866687,0
46,3,0,0.17355281117210042,3697,1,1,0,0.561235991960912,0
63,0,0,0.5124705773757908,639,0,1,0,0.8866726147313813,0
48,0,1,0.5362266584170423,1924,1,0,1,0.29328102114861043,0
52,2,1,0.2491970861469482,3449,0,1,0,0.6450256884259471,0
50,2,0,0.9511283323002541,3668,1,1,1,0.6727877548333793,1
38,3,1,0.8649778343325958,9208,1,0,0,0.5858595334344527,1
49,2,0,0.7021201035961975,6543,0,0,1,0.17086267170931527,0
40,2,0,0.5160660049005465,7489,1,1,1,0.6414978206620612,1
50,2,0,0.4705889874260577,7736,0,1,1,0.1512757688289404,1
20,0,0,0.6858761204358588,6761,0,1,1,0.5769141196399176,1
35,3,1,0.590888682466215,1387,1,1,1,0.6916649417773941,0
42,1,1,0.15604579529369705,3604,0,0,0,0.26877591249596033,0
59,0,0,0.5612523838932986,549,1,0,0,0.7732976060342193,0
48,2,0,0.8257632555095555,4451,1,0,1,0.12428304442640342,0
20,0,0,0.5133158898372623,4060,0,1,1,0.7750502909266449,0
57,2,0,0.1467609197988416,518,1,1,1,0.4682632405142121,0
63,2,0,0.8076503794456298,5321,0,0,0,0.2740703519453156,0
41,0,1,0.281227403922377,6840,0,0,1,0.2070225159951744,0
49,3,1,0.33275875139923494,8558,1,1,1,0.8626457340658981,1
64,2,1,0.2482357180890663,3106,1,1,1,0.15813247006492537,0
39,3,1,0.3971935583843478,8346,0,0,1,0.2592747359487405,1
40,1,0,0.7810763551197715,9143,0,0,0,0.37825787794643684,1
19,2,0,0.5674472735535436,6932,1,0,1,0.5961878791688964,0
44,3,0,0.2843931467356413,4265,1,1,1,0.5358408682208787,0
59,3,0,0.8900470703368367,2938,1,1,0,0.2005147939298512,1
19,1,0,0.8916236694563763,6858,1,1,1,0.3317823869905717,1
43,3,1,0.8835205825414062,8819,0,1,1,0.2910014168688193,1
34,3,0,0.31491659024338536,6441,1,1,0,0.27083428359227313,0
57,1,1,0.5061154097628893,8144,0,1,0,0.4289154691839897,1
50,2,1,0.9864906905267876,5355,0,0,0,0.6632251620733255,0
26,3,1,0.7948112286789913,7047,1,0,1,0.27396234577378875,1
60,3,1,0.12445067910300384,7696,0,1,1,0.3933431037623851,1
56,3,0,0.15868413213444285,6411,1,0,0,0.41273394147292986,0
46,0,1,0.5175382391310995,6981,0,1,0,0.8811652235483282,0
59,1,1,0.9182981852754042,3261,1,0,0,0.8637330855032551,0
43,0,1,0.5848316181574428,4956,0,1,1,0.7401100662016608,0
52,1,0,0.5480312572308612,6861,0,0,1,0.29332713665534815,0
42,2,0,0.19492632996096754,6193,1,0,0,0.15442985127333575,0
41,2,0,0.6911020942518646,6288,1,1,1,0.35352331017649985,1
30,3,1,0.839892844540203,701,0,1,0,0.31343563954706466,1
24,1,1,0.44237800675680616,6660,0,0,1,0.5047406401171152,0
53,2,0,0.7980506658327947,1017,1,0,1,0.7221823280542344,0
62,1,1,0.9680289885107305,8237,0,1,1,0.7866583511030865,1
37,2,0,0.2833898132149202,2488,1,0,1,0.7758912683284068,0
18,0,0,0.5709966680752672,4302,0,1,0,0.3877404489784543,0
25,2,1,0.35842416227611795,6308,1,1,1,0.6497874747685464,0
63,0,1,0.8135689771304554,7662,0,0,1,0.35026735801937603,1
33,2,1,0.6198340292930418,6741,1,1,0,0.1487244345881462,1
31,3,1,0.6711241757952734,8899,1,0,1,0.6612522124823539,1
29,0,0,0.8181227436543047,6133,0,0,0,0.10786204205583028,0
40,2,0,0.4563734253962094,6255,1,1,0,0.4273460699667909,0
32,3,0,0.9235810615663389,6809,0,0,1,0.36350341544166065,0
45,0,0,0.579725980521526,4617,1,1,1,0.6547020308150819,0
51,3,0,0.2421593405518132,8845,1,1,0,0.7129963782083032,1
19,1,1,0.7263092063519222,2018,1,1,0,0.34327570877702707,1
49,1,0,0.8139352153944289,6663,0,0,0,0.7493016115558828,0
40,0,0,0.385085509360774,3100,1,1,1,0.335133408403947,0
39,2,0,0.8714613312988777,2695,0,0,0,0.45706108798924905,0
42,0,1,0.9155289292891897,4054,1,1,0,0.6816148216113072,1
39,3,1,0.34921403864002803,3349,0,1,0,0.6543361833798309,0
39,2,1,0.9851693254436998,2242,0,1,1,0.88989477784976,1
59,1,1,0.22664037524388259,1806,0,0,0,0.2801288193727455,0
23,2,0,0.28181410156224096,4349,1,0,1,0.6298543308316659,0
32,1,0,0.2658023553142235,8019,0,1,1,0.587745526620622,1
60,2,1,0.9045907390070834,4695,1,1,0,0.8320787635920239,1
54,2,1,0.6888632970924656,5678,0,0,1,0.22508971331590005,0
50,2,0,0.2368938549000456,3055,0,0,0,0.7014385308695464,0
25,3,0,0.49629107653151405,2805,0,0,1,0.5546148930150147,0
61,3,1,0.6537682225628219,8119,0,1,1,0.3197326958303244,1
61,0,1,0.17511767649044496,9780,1,0,0,0.4795479313177393,1
22,0,1,0.8941747315666049,3142,0,1,0,0.36702127765583825,1
56,1,1,0.8232431818973817,9869,0,0,0,0.5634507222307688,1
21,3,0,0.5546860962189745,6909,1,1,1,0.8112004886517327,0
23,1,0,0.9704139537332533,5257,0,1,1,0.5554439875297617,1
62,0,0,0.47598488134758976,3494,0,1,0,0.6053779346612672,0
49,1,1,0.985699287132848,9251,0,0,0,0.5149982776917675,1
47,0,1,0.7011279989232644,1771,0,0,1,0.14093240515638072,0
64,3,0,0.6712041459285473,2313,1,0,1,0.2862868455008754,0
52,2,0,0.24935940576620652,9301,1,1,1,0.4936013835456662,1
57,3,0,0.8937349824741796,2961,0,1,0,0.3481882269957638,1
33,1,0,0.48474071912855365,4620,1,0,1,0.24541087820895538,0
30,1,1,0.24601006520423144,6624,1,1,0,0.5033062735347507,0
59,3,0,0.11134676797818314,8975,0,1,1,0.35824783475828026,1
47,3,0,0.6037801152745443,4896,1,1,1,0.30648611453873176,1
36,0,0,0.5746596599104087,9783,0,0,0,0.47118833395230464,1
34,1,0,0.7474182601322427,1316,1,1,0,0.20662740646573852,1
36,1,0,0.901232247716022,7804,1,0,0,0.8421965864603259,1
45,3,0,0.17146592617872658,7831,1,0,1,0.7941616783353912,1
43,2,0,0.7583468413063261,582,0,0,1,0.6660964685924282,0
54,1,1,0.268670749687824,2420,1,0,1,0.18497106207076497,0
43,2,1,0.8723593478414475,8317,0,0,0,0.7207018035757544,1
40,3,1,0.8371571624754904,2593,0,1,1,0.7463658624872153,1
26,3,1,0.58671437948699,7571,1,0,0,0.7142116941714701,1
29,0,0,0.7392185187609803,8467,0,0,0,0.19117270969539293,1
18,1,1,0.3829151018653736,8867,1,0,0,0.6151263656542117,1
18,2,1,0.5240511090395332,5785,0,1,1,0.7674598365995189,0
64,0,0,0.8394732079394245,5437,0,1,1,0.5618827209757342,1
51,1,0,0.5133386774558926,869,1,1,0,0.6171259001824712,0
49,0,1,0.4220184387928976,2318,1,1,1,0.466690783541045,0
42,3,1,0.5447912025252699,2601,1,0,0,0.5229658559072421,0
57,1,0,0.8454243271934965,3990,1,0,0,0.12750148668138017,0
62,0,1,0.4016872426337855,2279,0,1,1,0.6111704175786277,0
18,0,0,0.25638543382216944,8174,0,1,0,0.16515777031292736,1
33,2,0,0.7408126182977027,1864,0,1,0,0.4480116754721787,1
56,0,0,0.8433803914372736,7794,1,1,1,0.3341240781339263,1
22,1,0,0.19057373067118,4176,0,0,0,0.5363423601693705,0
39,1,1,0.31588670148035025,2926,1,1,0,0.20673306841856567,0
46,2,0,0.22777479078489452,8764,0,1,0,0.6533147215786546,1
20,1,0,0.41314727042394994,8589,1,1,0,0.7360092295427764,1
29,3,1,0.5053158810148713,3462,0,1,0,0.2306835597945252,0
43,1,0,0.7739437032669758,1359,0,1,0,0.18345046988150573,1
33,1,1,0.6860328263935067,4638,1,1,0,0.21641238622988734,1
54,0,1,0.658835710730588,2924,0,1,1,0.8017020495188014,1
39,0,1,0.417137451948689,9756,1,0,1,0.5225514094050849,1
46,1,0,0.8573027977762839,4517,0,0,0,0.4738087968060021,0
31,2,1,0.5241584506583481,9060,0,0,0,0.18536945528188342,1
45,0,1,0.9811944442136391,8842,1,0,1,0.6196448054055694,1
22,2,0,0.6707279244661631,1634,1,0,1,0.794399673516072,0
64,1,1,0.21363826740805247,5666,0,0,1,0.7625486954587624,0
47,1,1,0.7085598058678906,5619,0,1,1,0.600843767184641,1
63,3,1,0.3925936138885291,6194,0,1,1,0.16022297332133892,0
22,0,1,0.7176944770174877,6636,0,0,0,0.1899176217408104,0
29,1,1,0.16267703334616518,5985,0,1,1,0.13944718968785974,0
33,3,0,0.2573932934583635,4664,0,0,1,0.30598337319397545,0
43,0,1,0.8701635330152077,2846,1,1,1,0.2085291737283022,1
43,1,1,0.3044616013211634,5539,1,1,0,0.30803843220194715,0
38,1,0,0.853337012718646,5397,1,1,0,0.40804644457516936,1
56,0,0,0.3513484796089694,8752,0,1,0,0.8543862272569086,1
53,0,0,0.6785937190528368,5541,0,1,0,0.5883008478253536,1
50,0,1,0.7247355161588479,4401,0,1,0,0.7679790285463699,1
47,1,0,0.5613892778305477,1837,1,0,0,0.6682812005698657,0
54,1,1,0.3747796090270582,1684,1,0,1,0.1900025044213054,0
40,3,1,0.2913799387339865,4926,0,1,0,0.688736325099159,0
27,2,0,0.1298704191061836,2051,0,0,0,0.32007910524729954,0
22,0,0,0.37355176111665145,2129,1,1,1,0.611286277595765,0
53,1,1,0.6878465114781547,2026,1,0,0,0.3727695789143909,0
51,1,0,0.9444743366036344,1861,1,1,1,0.8981378106117274,1
48,0,1,0.8840840340367468,4870,0,0,1,0.3108411835974223,0
27,2,0,0.7894582988817723,5783,0,1,0,0.32330437661941575,1
36,0,0,0.8096026089279688,8110,0,0,1,0.8445378044499187,1
49,2,0,0.6984864131283958,2493,1,1,1,0.11971552370905814,1
18,1,1,0.3342581718094027,1369,1,0,1,0.6573511902985575,0
22,2,0,0.9164755276352469,1514,0,1,1,0.6802611125887025,1
62,3,1,0.7036590807152506,1102,0,1,0,0.7691028619283194,1
21,1,1,0.6043965678823959,1190,1,1,1,0.8795514485107803,1
33,3,1,0.19989052229213297,9185,0,0,0,0.8804815353253219,1
41,0,1,0.5023499894257829,989,1,0,1,0.15222140605317114,0
33,0,0,0.5143224440817337,7364,1,0,1,0.757471458202322,1
19,0,1,0.878107248570403,7740,0,1,1,0.617047946925905,1
45,2,1,0.5919833981690097,8286,1,0,0,0.6178737074984729,1
49,1,0,0.44236049407336875,8524,0,1,0,0.20267994129175584,1
44,0,1,0.9791202956595934,794,1,0,0,0.6201497331565227,0
37,0,0,0.1996485339936841,5988,1,0,1,0.8859860644809983,0
41,1,1,0.4802935854807502,4527,0,0,1,0.8294548556315576,0
29,0,0,0.13782220765426478,3412,1,0,1,0.4513045286438805,0
52,3,1,0.7659137086902373,5244,0,1,1,0.1319583786288755,1
50,1,0,0.9262688969792355,2373,0,0,0,0.3898347920001639,0
50,1,1,0.35203359659544053,3758,1,0,1,0.7611122492804442,0
60,1,1,0.8725075091192088,3317,0,1,0,0.6611992811721328,1
54,3,0,0.36299640741570804,9136,0,1,1,0.46747492447516514,1
29,1,0,0.9196931454795237,4141,0,0,0,0.1440812281270649,0
20,3,0,0.7785657132371055,4958,0,0,0,0.4415157822586421,0
18,1,0,0.8244160991572947,5807,0,1,1,0.47521995177430687,1
50,2,1,0.11620590004040905,9433,0,1,1,0.8428444263153088,1
57,0,1,0.9665293213666234,2541,1,1,0,0.6128688828657276,1
27,2,0,0.754003892863291,1179,0,0,1,0.3493223333237191,0
60,0,1,0.37427598584752,6238,1,0,1,0.5202546115605772,0
61,3,0,0.8464551983729622,6168,1,0,0,0.15284424625772808,0
46,2,0,0.353369078573437,8197,0,1,0,0.8780545885197895,1
30,1,1,0.8854784556095151,8533,1,1,0,0.3880479215445808,1
29,0,1,0.20132235137074334,562,1,1,0,0.48229388393050865,0
48,0,1,0.7333173797147162,8329,0,0,1,0.3842271793895381,1
63,2,1,0.5866286289804193,7852,0,1,0,0.6460093840929602,1
19,3,1,0.18688102317589672,7415,0,0,0,0.6297857266636744,1
52,2,1,0.31770444543295506,8826,1,1,0,0.6722578484233085,1
40,3,1,0.11116363264958332,4144,1,0,1,0.31451458368953666,0
34,3,0,0.5218911689180553,5470,0,0,0,0.3525347849312528,0
43,0,0,0.3711387346840004,8503,0,1,1,0.20020098487696636,1
25,2,0,0.6385217358679829,3778,1,0,0,0.62440797747689,0
46,2,0,0.3675140269377555,7796,1,1,0,0.13183770186852206,1
43,3,0,0.36992720035628623,9514,1,0,1,0.5781458684187673,1
27,2,1,0.768873878858443,3574,1,1,0,0.7957567078813071,1
43,1,0,0.14332855238051811,8812,0,1,0,0.8126657186317069,1
51,1,0,0.9126054956727885,8052,1,0,1,0.4592302082959694,1
58,2,0,0.8670374869520633,2137,1,1,0,0.46744295057045904,1
24,2,0,0.7010242149037659,5603,1,0,0,0.1615753464064139,0
21,3,0,0.6338994130966459,9616,1,1,0,0.6366120203544285,1
62,1,0,0.903072248325687,1144,0,1,0,0.7570075362982764,1
28,1,0,0.266797161575843,2532,0,1,1,0.2957240436837705,0
46,0,1,0.17107224597174575,3261,1,1,0,0.4370407053066917,0
53,3,1,0.3155591529185843,2568,1,0,1,0.7710714694122163,0
42,0,0,0.8151204508301713,741,0,1,0,0.8016963741298304,1
38,1,1,0.131203240053835,3168,0,1,1,0.2945439842113807,0
53,3,1,0.6245261515751407,1302,1,0,0,0.5404565076330914,0
27,2,1,0.9958937645721789,5559,1,0,1,0.25399452050866167,0
54,3,1,0.8701264844537855,695,0,0,0,0.18150301131164526,0
26,2,0,0.5693011201392305,2687,0,0,1,0.8288964011135661,0
41,2,1,0.15727681835797813,2830,0,0,1,0.7564060033856873,0
52,3,1,0.8482361629471389,5341,0,0,0,0.7080279214425391,0
52,2,1,0.6390806573594895,4106,0,1,1,0.13901305505051234,1
53,0,0,0.20343969735361017,8968,0,0,0,0.774983034168206,1
35,1,0,0.18447155634102058,560,1,1,0,0.45043526072430706,0
56,2,0,0.9186641374929332,4427,0,0,0,0.37391609863668773,0
49,0,0,0.7022802366442706,6796,0,1,0,0.5371810888203011,1
41,2,0,0.84635811938508,3091,0,1,0,0.17308259417884467,1
40,1,0,0.8910810102540406,9258,0,1,1,0.705317239481919,1
49,0,0,0.61459511684349,6621,1,0,0,0.5659480615106367,0
54,1,1,0.5657017165795372,1700,1,0,0,0.24927207749853403,0
29,1,1,0.48738466928889124,3354,0,0,0,0.25058575981523645,0
30,0,1,0.38525192901200733,7524,1,0,0,0.2473989212581394,1
40,0,0,0.4911363647728406,9928,1,1,0,0.1456019100415472,1
42,0,0,0.7964916901571407,7472,1,0,0,0.5702387594973478,1
52,3,0,0.6417310879136184,636,1,1,1,0.7722785420708065,1
58,0,0,0.9032709609593614,1529,1,1,1,0.11399857118991089,1
47,0,0,0.49904201294126893,3094,1,0,0,0.13920371597701886,0
34,0,1,0.6463806208468786,7706,0,0,1,0.5582162213495566,1
37,0,1,0.6681767977827898,1161,0,0,0,0.7555965483088419,0
42,2,0,0.632527446075693,2972,0,1,0,0.36139111245490685,1
39,3,0,0.7323703957769647,586,0,0,0,0.3796915190461777,0
30,1,0,0.3136901215373257,6719,0,1,0,0.5770771979974207,0
36,0,0,0.5611273997912116,8643,1,0,0,0.3193703112993176,1
53,2,1,0.1938023225275129,7468,0,1,1,0.12128669286214731,1
29,2,0,0.44606019488033133,3273,0,0,1,0.6881828144812768,0
58,2,0,0.538900361759138,2200,1,0,1,0.6005199303531625,0
36,1,0,0.6870018335909253,3200,1,1,1,0.5646047992445273,1
29,0,0,0.9554779473275832,7315,0,0,0,0.6933473031934585,1
26,3,1,0.6405859598935203,2147,1,0,1,0.64018467004963,0
24,3,0,0.7692345245589038,6538,1,0,0,0.26470559054265697,0
45,2,0,0.5556394535456824,5664,1,0,1,0.38198483755468093,0
31,1,1,0.6706936282386982,6020,1,0,1,0.20088811334290002,0
48,1,1,0.16383899452039608,4187,0,0,1,0.20388561073430483,0
36,1,1,0.3289524227576623,1096,1,0,1,0.6409565970852313,0
64,3,0,0.4256677838846249,5045,0,1,0,0.7868800855859986,0
33,2,0,0.5252440195058622,9176,0,1,1,0.8701860670889112,1
22,0,1,0.14108387095214536,9337,1,0,1,0.6026776940395555,1
52,3,1,0.22602168779798593,5257,1,0,0,0.2472810586887656,0
29,2,1,0.3491328770121752,4884,1,0,0,0.18452027635914459,0
42,2,1,0.9743794218109456,9412,0,1,1,0.7502807772294062,1
38,0,1,0.39821230639274574,5233,1,1,0,0.5630051810879995,0
53,0,1,0.5338369523008742,7581,1,0,0,0.5946280168109759,1
40,0,0,0.2764879414645537,9190,1,1,0,0.7251696710037674,1
33,1,0,0.6497020639681914,7617,1,0,1,0.6626217821859612,1
56,0,0,0.35261489396437684,5229,1,0,0,0.7675666022848774,0
62,2,1,0.2862933205945841,2173,0,0,1,0.1449711243679028,0
59,0,1,0.5649153656013812,8806,1,0,1,0.6980165093972038,1
56,2,1,0.10495521924437874,7678,1,1,1,0.7806822058576763,1
31,3,1,0.1068976293843028,2794,1,1,1,0.32890803396665147,0
48,1,1,0.297161928191672,4130,0,0,0,0.6123578191946023,0
22,3,1,0.13304922625073903,646,1,1,1,0.3513296510695777,0
52,3,0,0.19722317871762224,3953,0,1,0,0.8663768531859632,0
40,2,0,0.40497458440487644,5007,0,0,1,0.126738857948403,0
46,3,1,0.8223271116218316,6283,1,1,0,0.5638342750663641,1
60,2,0,0.6148437790323708,8251,1,0,1,0.23320283763961208,1
28,0,1,0.5614009533607748,6128,1,0,0,0.6697761641417269,0
35,0,0,0.3641399408873095,8828,0,0,1,0.24071222673492967,1
64,2,1,0.9385783474895347,3860,0,0,1,0.28830660951868603,0
29,0,1,0.45731353711347256,3505,0,1,0,0.4954966488366065,0
26,1,0,0.17838349011619437,4052,0,0,1,0.8318679599975025,0
27,3,0,0.6553598645060211,518,0,1,1,0.26937149771837665,1
61,1,1,0.20245455412894126,2742,0,0,1,0.21539201689448284,0
34,3,1,0.4107008285215229,6818,1,0,0,0.7071814654832246,0
55,0,0,0.556670744846028,5597,1,1,1,0.5004956258671448,0
24,1,0,0.8868002722166582,9140,0,0,1,0.8294280899054172,1
63,0,1,0.5441919223061068,2448,1,1,0,0.21729164572787385,0
30,3,0,0.7320328894284979,9637,1,1,0,0.6167423144184314,1
57,2,1,0.9935351550991633,6118,0,0,0,0.28630331692145206,0
59,2,1,0.21834020790818348,4736,0,0,0,0.22540834292131146,0
26,1,1,0.34725837296756756,7401,1,0,0,0.6467435321258164,1
44,0,1,0.4551184680378818,2420,0,0,1,0.5749476959269866,0
19,0,0,0.47964536068494823,4688,0,0,1,0.703861966689865,0
22,1,0,0.4699189677389912,738,1,0,1,0.3475700611569459,0
46,2,0,0.9168499023008995,704,0,1,0,0.458377325105752,1
54,3,0,0.7426293800201708,6052,1,1,1,0.4243773410643348,1
55,1,0,0.6471146926816334,5427,1,0,0,0.8872715711732114,0
36,3,0,0.3784354460765039,4890,1,1,0,0.33379916539151033,0
25,2,0,0.8414113457991652,3187,1,1,1,0.3358537906774135,1
62,0,1,0.9595544603364901,5451,1,0,0,0.3836385670628859,0
18,2,0,0.8390784542952039,6660,0,0,0,0.5516752650322573,0
39,1,0,0.10140859467232562,5888,0,1,1,0.30185819541099623,0
34,0,1,0.6727612331650663,5626,0,0,0,0.8322319523034192,0
24,1,0,0.14602184329789067,1316,0,1,0,0.31254845189301084,0
42,1,0,0.3318464983003497,9512,1,0,1,0.8166525852481558,1
62,2,1,0.15357223031299452,692,1,1,0,0.18278005091726773,0
21,1,0,0.643415907654449,2276,0,1,0,0.6252501619197218,1
53,2,0,0.7179309221433461,4145,1,1,1,0.825588414750595,1
23,0,0,0.2030388742593146,6814,0,1,1,0.23499955071858364,0
48,2,1,0.44545499474048156,8942,0,0,1,0.874661568079404,1
36,0,0,0.5106128580599878,2288,0,0,1,0.4623066883324094,0
61,2,0,0.4321477195848249,7874,1,1,0,0.8565720867528196,1
56,3,1,0.20892250043667376,4200,1,1,0,0.6414560349040376,0
44,3,0,0.4770530111687279,9859,1,0,1,0.34126949589884126,1
27,1,1,0.7760602430275763,4393,1,0,0,0.2506420199336852,0
43,2,1,0.16390689807992992,7311,0,1,0,0.3429880369800795,1
36,2,0,0.17216201267371312,9788,1,1,1,0.17441392741014,1
56,0,1,0.41929416265238584,3179,1,1,1,0.21509437307466384,0
20,1,1,0.9475531404570325,4404,1,1,0,0.18372835227718493,1
62,2,0,0.7017153820506227,7760,0,1,1,0.43835483499324623,1
30,1,1,0.7108029610053083,1004,0,0,1,0.7364627010060691,0
45,3,1,0.4257279917540785,7273,1,1,1,0.21310684337307217,1
37,2,0,0.6342947120876846,4316,1,0,0,0.20425634653786873,0
45,2,0,0.10911806562496905,1217,1,0,1,0.6147431596138646,0
25,1,0,0.672486441768588,4934,1,0,0,0.25774638557445306,0
58,2,1,0.9219582528186131,1158,0,1,0,0.1780880304871933,1
56,1,0,0.6513161215103372,5557,1,0,0,0.23347886256446213,0
18,2,1,0.8863287341197106,4508,1,0,1,0.838985116701421,0
20,0,1,0.7515757499194844,5494,1,0,1,0.7571770022209526,0
30,1,1,0.20850257476332124,4734,0,0,1,0.38325164988407534,0
45,2,1,0.9122079765572575,4264,0,1,1,0.6246566138619143,1
42,3,1,0.1597994599201974,5137,1,1,1,0.5298205389344305,0
50,2,1,0.5805707252929874,2604,1,0,0,0.6416994107860512,0
55,3,1,0.2279234114141119,9947,1,0,0,0.6461369219702074,1
23,3,0,0.11053594965781366,7301,1,1,0,0.6029872120479943,1
61,0,0,0.47983083411487515,9075,1,1,1,0.3128810948298469,1
62,1,1,0.3655366368887406,3107,0,1,0,0.1312051366102545,0
49,2,1,0.5374004444178427,8885,0,0,0,0.464453425592087,1
62,0,0,0.6194798980610957,4219,0,1,1,0.8127791077525631,1
64,2,1,0.13936516507805263,3081,1,0,1,0.5555978068148607,0
38,3,0,0.21070296561137108,3065,0,0,0,0.7659128333615264,0
33,1,0,0.6027781568053828,3263,0,1,0,0.8932994743689825,1
38,2,0,0.40885061785539245,6828,0,0,1,0.23089296331062104,0
28,2,1,0.7562561387945032,6491,1,1,1,0.6534221113135859,1
54,3,1,0.6870624837327457,3906,1,0,1,0.6394348589600197,0
53,2,0,0.8610439266909161,9423,0,1,1,0.8839643578866228,1
52,2,0,0.7232435440023027,5280,1,0,0,0.8884805871622403,0
36,3,0,0.48693796965113334,4677,0,0,0,0.6493428893793036,0
37,0,0,0.7056699601549892,6976,0,1,1,0.29489183358575544,1
35,3,0,0.3478430568298767,3104,0,1,0,0.7388446705044792,0
64,0,1,0.3756821489003914,8681,0,1,0,0.18562330736883048,1
58,1,0,0.810086643928714,2882,1,1,1,0.7245594433373029,1
31,0,1,0.501777564761424,1031,1,0,0,0.8281568993157572,0
32,0,0,0.8185423064665173,6579,1,1,0,0.40626671581474827,1
48,1,1,0.8401801363014506,1134,1,1,0,0.6045082359864644,1
18,0,1,0.8718061038951553,502,0,0,1,0.4441141856774611,0
20,3,1,0.9249717122570866,8897,1,1,1,0.45021204399050274,1
33,0,1,0.48788669846196664,6451,0,1,0,0.3482967112864961,0
40,1,1,0.38698013648902496,6126,1,0,1,0.7097036963602598,0
28,3,1,0.6239788719347025,8239,1,1,1,0.8489412513332042,1
29,1,0,0.4340551810938649,6503,1,1,1,0.8526006873875689,0
27,1,1,0.6409667501202096,3390,0,1,0,0.23982502789994709,1
49,2,0,0.7350272763794421,6739,0,1,0,0.7997949197252529,1
33,2,1,0.7195645166429232,8526,0,1,1,0.6899451531416977,1
25,1,1,0.43709759831810924,3806,0,1,0,0.30226992055223145,0
55,1,0,0.25017418152887755,1397,1,0,0,0.15382769033721166,0
29,1,1,0.48747640461598685,9777,0,1,0,0.3143978135075024,1
41,2,0,0.22833472967371787,9971,0,0,0,0.8297665894252205,1
45,2,0,0.9010873316654275,1170,1,0,0,0.6065429399166178,0
25,0,0,0.4112897146640717,7791,1,0,1,0.6768437287182975,1
45,0,0,0.23901377250099143,2005,0,0,0,0.3057218808872767,0
53,1,1,0.12290298391517579,6960,1,1,0,0.6755105244598563,0
43,3,1,0.6812401476578358,5667,0,1,0,0.12249720502233902,1
25,3,0,0.6732120857092689,5755,1,1,1,0.40025707661841103,1
45,2,1,0.40654374992316256,749,0,0,1,0.601402678833865,0
45,2,1,0.1645406999628859,6957,0,1,1,0.2168772524330562,0
54,2,0,0.4686660054057088,2392,0,1,0,0.7584028595575478,0
58,1,1,0.3800957455570543,3939,0,1,1,0.2880250390495349,0
53,3,0,0.7094085757615084,3354,0,0,1,0.621824890254757,0
44,0,0,0.6452013245074213,4292,1,0,1,0.4241577140602638,0
34,1,1,0.428134355377786,5830,0,1,1,0.5768348763821177,0
26,0,1,0.2961032988294911,8371,0,0,0,0.1859604421031265,1
50,0,1,0.9892323695400327,8735,0,0,1,0.11353023993728587,1
37,1,0,0.5086014590765034,4112,0,1,1,0.827651541904241,0
30,0,0,0.7194468122022133,3118,0,0,0,0.31570400701374624,0
45,3,1,0.22649767082052472,5178,1,0,0,0.7557416022243673,0
46,0,1,0.537030729693458,3663,1,1,1,0.8994802403777602,0
30,3,1,0.12478304788251894,9980,0,0,0,0.26914500639912897,1
63,3,1,0.554909606119405,3442,1,0,1,0.3121365929466845,0
52,3,0,0.9676156664059321,8911,0,0,0,0.6302878301077326,1
23,2,1,0.44578604168722025,2425,1,0,0,0.8723589076804971,0
35,0,0,0.13509641131742045,3472,1,0,1,0.8326514785525951,0
22,1,0,0.12786021182740917,1490,0,0,0,0.5023004160524679,0
64,1,1,0.44918808395218257,2312,1,0,1,0.7360882260213798,0
42,0,1,0.24402244281687466,9495,1,0,0,0.20859668247992086,1
19,2,1,0.12101688669536732,989,0,1,1,0.8819505473632099,0
27,2,0,0.7805922525551592,6376,0,1,0,0.8714825872287892,1
47,3,1,0.5126707079937016,4145,1,1,0,0.2309831663033368,0
62,0,1,0.36032029477538907,7581,1,1,0,0.3395384998424853,1
22,0,0,0.9100748647148327,3391,1,0,0,0.18012399800541357,0
50,1,1,0.20452506418047306,4016,0,1,0,0.31737407911854376,0
18,0,0,0.9603269460597873,3840,1,1,1,0.7527646315321653,1
35,2,1,0.3825700456396176,6910,1,0,0,0.4026524857322076,0
49,0,0,0.8995633050778131,553,1,0,1,0.1707175737174067,0
64,1,1,0.6426485888315154,3075,0,0,1,0.3737804198231237,0
28,3,1,0.8440366237673387,1115,0,0,1,0.8851066673930241,0
38,1,0,0.9856118468894178,6444,0,0,0,0.6037468762073623,0
43,1,0,0.3595648940368712,7904,0,1,1,0.4329287571249262,1
42,3,1,0.9650219368668337,1454,1,0,0,0.23323081079781602,0
39,1,0,0.4505337054121783,2129,0,1,1,0.8889414378269559,0
44,1,0,0.44696071426323014,7359,1,1,1,0.756679207410503,1
30,0,0,0.4063483938290552,9341,1,0,1,0.3251818419607355,1
50,0,0,0.5872668466128267,3778,1,1,1,0.15605495657695156,0
51,3,1,0.23873053886063839,5955,1,1,1,0.14530044590204644,0
58,0,1,0.5983403368222101,4301,0,0,0,0.19630251960442707,0
52,0,0,0.5875343311690037,3061,0,1,1,0.5646148668915373,0
18,1,0,0.785711631344383,7039,0,1,1,0.8430107369643939,1
38,2,0,0.850284965743827,870,0,1,0,0.49739474240478765,1
23,0,0,0.49639721528118164,1357,0,0,0,0.7743563859649577,0
45,2,1,0.37209992441634443,5386,1,0,0,0.45670929588784626,0
34,0,1,0.33340140758538506,7985,0,0,1,0.6668668366142602,1
22,0,0,0.2751614530343848,883,0,1,1,0.6854981898292006,0
48,3,0,0.1518828239791224,4834,0,0,1,0.23917096472267094,0
22,3,0,0.408203180951242,4790,0,1,1,0.3889728471806494,0
55,3,1,0.34322292291770495,3225,1,0,1,0.6098417252304191,0
20,2,0,0.9697756472797666,6704,1,1,1,0.15655728654749296,1
40,1,1,0.6019379436250395,6611,1,0,0,0.3892321502103653,0
54,0,0,0.41254933512745684,4751,1,0,0,0.527839573024954,0
54,0,1,0.6224208408943264,1422,1,1,1,0.896979594435711,1
27,0,0,0.22527703121112597,3415,0,0,1,0.4796268500979526,0
27,2,1,0.4996393742819827,8457,1,1,1,0.7528454056914589,1
36,3,0,0.6636108892789574,3546,1,0,1,0.44565382805329423,0
34,1,0,0.5400080486132063,9666,1,0,1,0.7371125780957671,1
38,2,0,0.4616009205888918,1730,0,1,0,0.5763318412960867,0
31,3,1,0.9944635500097283,8147,0,1,0,0.8092763532019187,1
26,2,0,0.8922832859340343,5433,1,1,1,0.4287540418800879,1
63,1,1,0.6610653623434961,4440,0,0,0,0.5834435358571831,0
18,3,1,0.6124396250640545,6983,0,1,1,0.6040149444950619,1
62,2,0,0.6585944318421256,703,1,0,1,0.43390635344037864,0
30,1,0,0.28118089704018995,660,0,1,1,0.21544963494998523,0
21,0,0,0.4556239689378868,9460,0,1,0,0.17484752552986843,1
18,1,1,0.1355135796018094,4248,0,1,0,0.11333724047970649,0
57,0,0,0.5279914337381441,7218,1,1,1,0.7988274113961717,1
49,2,1,0.5887221255618968,3081,1,1,0,0.28917992979095564,0
51,3,1,0.30497476249288863,1593,1,1,0,0.26920539942541444,0
45,3,0,0.9676259624489624,5000,0,0,1,0.6888283203408524,0
48,2,0,0.9185091498435178,9299,1,1,0,0.35601289046991347,1
25,3,0,0.7499289119103153,6210,0,0,0,0.5048357539294693,0
56,3,0,0.5800479658888263,3375,0,1,1,0.23000885223796505,0
43,0,0,0.8829722436829165,3691,0,1,1,0.8677965771695754,1
51,2,0,0.21758710944111664,2337,1,1,0,0.7812651200137899,0
20,1,1,0.8114588148473965,1189,1,0,1,0.7910316983720026,0
29,0,1,0.21233873257016347,4259,1,0,0,0.42541899885760415,0
18,2,1,0.8147895962944649,2603,1,1,1,0.7098889709657382,1
61,0,0,0.34819081142622127,865,0,0,1,0.21510092431182415,0
22,1,1,0.8893815229163701,8592,1,1,1,0.10689520207342423,1
47,1,1,0.949637884442858,4672,0,1,1,0.11597834606242251,1
47,2,1,0.2339163724646041,6533,1,0,0,0.5692813899236484,0
34,1,1,0.5164080445588541,2878,1,0,1,0.46431592419835266,0
64,0,1,0.9828886403464165,1705,1,0,1,0.5144122791268159,0
40,1,0,0.5350666923758319,5488,0,0,1,0.10597051233377552,0
32,0,0,0.8771927702630906,6169,0,1,0,0.43814929572594064,1
54,0,1,0.6298583699181879,3235,0,0,0,0.6744545289606887,0
38,1,1,0.4377969171276417,8990,0,0,1,0.45415496157394875,1
31,2,1,0.35720519997328315,1456,0,1,1,0.6857753650497778,0
19,3,0,0.2829007819774786,9806,1,0,1,0.28641517151746787,1
28,1,0,0.7856183722399275,7123,0,0,1,0.7505136035853804,1
56,0,1,0.4478864561407251,1974,0,0,1,0.5707449923627619,0
55,0,0,0.560147915980676,4960,0,0,1,0.26861047954392503,0
51,1,0,0.5430929320010638,7502,0,1,0,0.28937638068306637,1
55,2,1,0.6195511263098181,6896,1,1,1,0.6024243716556297,1
51,2,0,0.879019431062097,3328,0,0,1,0.7639516745699547,0
35,0,0,0.9826654092250865,3350,1,0,1,0.4325022256233242,0
47,0,1,0.46682578771643524,3464,1,1,1,0.3066403433020738,0
32,2,0,0.8447670298956728,5094,1,0,1,0.7936092855284803,0
44,3,0,0.7880750151892458,9641,0,0,1,0.635414633400668,1
51,1,1,0.6161760563100159,7144,1,0,0,0.4584683898264612,1
55,0,0,0.9604424292507397,3350,0,0,0,0.4903201562234415,0
50,0,0,0.2804270639755625,665,0,0,0,0.26340517434911714,0
41,2,1,0.19833778927865928,1419,0,0,0,0.6014421040518751,0
32,1,1,0.8685657702598799,8805,0,0,0,0.386994008434311,1
47,2,1,0.49523483497037346,4004,0,0,0,0.8965161413394794,0
59,1,0,0.8622719687863544,1491,1,0,1,0.4841468122095103,0
34,1,1,0.9037811846758734,6547,1,1,1,0.4887084849516906,1
22,1,0,0.1562118342571643,4339,0,1,1,0.5526814299285375,0
46,0,1,0.8951182866874546,1758,1,1,1,0.8334048024949974,1
21,3,0,0.50348714983248,8109,0,0,1,0.7406544798878002,1
27,2,1,0.559389240103809,9206,1,0,1,0.4609040558382732,1
34,3,1,0.6639332599838892,5304,1,1,0,0.6749594127782368,1
27,2,1,0.9337443460570781,567,1,0,1,0.5689883990246093,0
34,1,1,0.11720448498678764,6160,1,1,0,0.49389363896099914,0
37,0,0,0.5291591214860354,4978,1,0,0,0.2538526182274804,0
41,3,1,0.7189498381875046,8710,0,1,1,0.4711490107639128,1
22,0,1,0.7504362619284056,4021,0,1,1,0.29665486961805976,1
51,2,0,0.7232791883833972,1072,1,1,1,0.8318737198813237,1
23,0,1,0.2209916164673097,7582,0,0,1,0.36832545079707757,1
19,0,0,0.3694560295345132,8332,1,1,1,0.8618112116266978,1
30,3,1,0.42284397287531217,5895,0,0,1,0.526444232075769,0
60,1,1,0.8239934869115545,2758,1,0,1,0.6052355029409282,0
60,0,1,0.35088388517309776,6539,1,0,0,0.5343523555914622,0
28,1,0,0.2896344674804828,1150,1,0,1,0.20350449357336073,0
64,2,1,0.9617032171342865,6241,0,0,1,0.4006569752063528,0
40,0,1,0.10797695660212202,7338,0,0,0,0.17931688982209915,1
33,3,1,0.9980387701137804,3087,1,0,1,0.5983632353467054,0
48,2,0,0.7091391689716561,8376,1,1,1,0.4574993561603512,1
28,2,0,0.8456223695042053,3762,0,1,0,0.7223879772567495,1
33,3,1,0.36515745671157385,1838,0,1,1,0.2763763847994959,0
25,0,0,0.11288374990035399,5496,0,0,1,0.23165284674346795,0
21,0,1,0.764082566705377,6280,0,0,1,0.4250657847710143,0
57,2,1,0.8507301373006082,3327,0,0,1,0.841268306574705,0
21,0,1,0.7664285187581672,5732,1,0,1,0.6683374520099294,0
42,1,1,0.22856525857075474,2717,0,1,1,0.43513889983433496,0
20,3,1,0.7780851300312722,4039,1,0,0,0.5138177358034485,0
49,1,1,0.7920305038968769,8345,1,1,1,0.16737040894167868,1
20,0,1,0.6926864641030493,9729,0,0,1,0.8876607171008905,1
44,2,0,0.7895043395160276,4883,0,1,0,0.6331258437559352,1
46,3,0,0.861329295709959,3461,1,0,0,0.328323254770738,0
49,0,0,0.6522437028137126,3726,0,1,1,0.5686467153721955,1
36,0,0,0.17974424257271115,7337,1,0,0,0.1875858928551952,1
38,2,0,0.5388650287004898,7531,0,1,1,0.8726693350460669,1
22,2,0,0.16988440120444456,9790,0,0,1,0.23982799030669277,1
35,1,0,0.4667887279291878,9631,0,1,0,0.6184242544441714,1
45,3,1,0.4663958402130649,4216,1,1,1,0.29636357003114433,0
59,3,1,0.15940885972621743,3914,0,0,1,0.6740491061188286,0
39,2,1,0.41393848057253135,1948,1,1,0,0.7214570937922249,0
38,1,1,0.19989828891218336,1070,0,0,0,0.6387357831291461,0
23,3,0,0.8274116890083,3404,1,0,0,0.591599568204154,0
18,2,0,0.9529192233680237,3005,0,0,0,0.8139752751616094,0
22,0,1,0.16508482773214475,1417,1,1,1,0.16290136879180644,0
58,3,1,0.9596036865625313,7482,1,1,0,0.3647318126241562,1
29,1,0,0.5703189394030707,7927,1,0,0,0.29862998370467675,1
43,1,1,0.3696091101584865,6836,1,0,0,0.8904111696523372,0
63,1,1,0.16917586774854715,2178,1,1,0,0.4115118237334988,0
51,0,1,0.550561841263376,1115,1,1,0,0.686090159392319,0
31,3,1,0.8150639900416738,7586,0,1,1,0.6477801311048037,1
43,3,0,0.7363778295400283,5249,1,0,0,0.2696649899819022,0
62,0,1,0.1452034103175764,4005,1,0,1,0.29119814416924106,0
44,3,1,0.16561165183111315,5029,1,0,0,0.3250276508424273,0
26,0,0,0.46258595436937344,1635,0,0,0,0.4289018226075034,0
43,0,0,0.36576144464314897,9066,0,0,0,0.28746005252042145,1
64,0,1,0.3091458907504431,7726,0,1,0,0.11572118619747825,1
39,1,0,0.3529040490178422,5662,1,0,0,0.8035144454457565,0
64,3,1,0.8231344689671961,706,0,1,0,0.8724878651047073,1
47,0,1,0.9363052482686685,5375,0,1,0,0.37325630962525436,1
60,3,0,0.4645924250748098,1819,1,0,0,0.37080550354037833,0
34,1,1,0.9154999019192473,1641,1,1,1,0.1056734502194968,1
43,0,1,0.3893461311230938,5127,0,0,0,0.6442005506642993,0
53,2,1,0.5287932877094125,7889,1,1,1,0.760351916598903,1
18,1,1,0.3034260980343998,3190,1,0,0,0.21728664028800254,0
25,2,0,0.6764284379582596,7823,1,0,1,0.2277330794937206,1
52,3,0,0.981083003657328,3755,1,1,0,0.7320665999771502,1
32,3,1,0.6431437864390408,8781,0,0,0,0.5930325986833157,1
64,1,0,0.42203267570219405,5713,1,1,0,0.13588844610217363,0
39,3,1,0.6830357013914755,4608,0,0,1,0.5980375923698253,0
31,2,1,0.2106286106188488,3520,0,0,1,0.34713417827501286,0
43,0,1,0.8997931722388588,2357,0,0,1,0.39498012437667673,0
45,0,1,0.5527755557018528,9496,0,1,1,0.7157851346375042,1
40,0,1,0.5044147678356778,9636,1,1,0,0.7487481541380885,1
31,1,0,0.6272783096081672,3289,1,0,0,0.4202853014718645,0
41,3,1,0.6623054765104622,4375,1,1,0,0.8577223488050838,1
19,2,0,0.16459822560386173,8105,0,0,1,0.4251701743616578,1
62,3,0,0.7143554991010621,8635,0,1,0,0.717468828184088,1
43,3,1,0.31773851228397665,6555,0,1,1,0.4871018116514073,0
31,3,1,0.7425573692559309,4382,1,0,1,0.8180258612176673,0
24,0,1,0.8402813149457771,7675,0,0,1,0.8262089949201429,1
20,2,1,0.8235626567972683,7629,1,0,1,0.16993344629686707,1
64,2,1,0.5972508706671003,5521,1,0,1,0.8491946650481806,0
40,3,0,0.568152903079676,5235,1,0,0,0.7604278732163325,0
63,0,1,0.22858836520547055,2887,1,1,1,0.7330485714501335,0
60,0,1,0.797811535362822,7082,0,1,1,0.260729071748418,1
64,2,0,0.3442684424020429,9633,1,0,0,0.7440953670037319,1
62,0,0,0.5470258805361519,6366,0,0,1,0.7801061877480294,0
35,0,1,0.355846683634765,3066,1,0,1,0.3313202675633208,0
55,0,0,0.22044552669972384,1475,0,1,0,0.861808062689859,0
52,1,1,0.666601927202563,7712,0,0,0,0.1398881171193314,1
32,3,0,0.14889883134061346,9646,1,0,0,0.21992740259771174,1
42,2,0,0.77378071071358,1762,1,1,1,0.5300649104412115,1
54,2,1,0.385828115735005,5547,1,1,0,0.5606339768978478,0
45,1,0,0.1001212237040368,9635,0,1,0,0.6161200666407227,1
27,3,0,0.5600162253135068,7882,1,1,0,0.11357530345237317,1
56,2,0,0.14216671767484282,6731,1,0,1,0.8682934196977042,0
34,0,0,0.34855260203880956,3827,0,1,0,0.1356704741873152,0
56,2,0,0.7362788387101445,6130,1,1,1,0.2144495621787219,1
39,0,0,0.15642065945967928,2759,0,0,1,0.11121161402084559,0
43,1,1,0.8554046431204021,1757,1,0,0,0.5534867466352758,0
61,0,1,0.10343793039272481,964,0,0,1,0.8458135071367778,0
42,2,0,0.322141482281712,3794,0,1,1,0.6327577328643714,0
34,2,1,0.7668136505368643,7274,1,0,0,0.7581259747843418,1
30,2,1,0.3846431347563761,7931,0,1,1,0.11062496276686407,1
37,1,1,0.19170314925941218,1730,1,1,0,0.5336122387837808,0
42,1,0,0.4242105269203851,9576,1,1,1,0.46765038200441755,1
21,3,1,0.343353957746073,4305,0,0,1,0.49917435537663446,0
27,2,0,0.8584407119444994,6919,1,1,0,0.15777054826815037,1
20,0,1,0.38201312582662883,6250,0,0,0,0.647548288855446,0
58,1,0,0.8100392245984065,4356,0,0,1,0.5025763318869075,0
62,2,0,0.9026849303296612,3635,0,0,1,0.7121190798890112,0
35,2,1,0.49043567761887663,7453,0,1,0,0.4882325072493723,1
64,1,1,0.9189488294689528,9616,0,1,1,0.21950530898114567,1
53,3,0,0.43958624856687356,6534,0,1,1,0.6186055632622576,0
64,1,1,0.9676705748410973,5089,0,0,1,0.237909089684133,0
39,1,1,0.18036057207301565,2046,0,1,1,0.797915650683852,0
51,0,1,0.7183173398529185,6565,1,1,0,0.5904929912553932,1
64,0,0,0.5444326364112358,1594,1,1,0,0.22576310684556342,0
25,3,0,0.44888392491008233,2911,0,1,0,0.8698704459849654,0
57,2,1,0.6694406908737408,3117,1,1,0,0.5146923706682566,1
61,1,1,0.733471382470898,9454,1,0,0,0.15831876149732402,1
36,3,1,0.10392694268527819,4645,1,0,0,0.6014663235320538,0
59,0,0,0.2502577798724789,3275,1,0,1,0.3025591256102482,0
58,1,0,0.7417414455708868,7128,1,0,0,0.742954761501842,1
54,2,1,0.6997468722203858,3655,1,1,1,0.7542576588529525,1
23,0,1,0.9694427546158095,4470,0,0,1,0.8831578846837295,0
43,0,1,0.7849340112257047,8472,1,1,1,0.501495624819603,1
51,0,1,0.9556954369582042,9275,1,0,0,0.4639655037821897,1
62,3,1,0.7322864513813263,5915,1,0,1,0.7027804843571845,0
23,2,1,0.3682469877754988,4831,1,0,0,0.20597652507354125,0
54,1,0,0.19482843002577083,2442,0,1,1,0.5375324110344993,0
50,3,1,0.803641477010442,6526,0,1,1,0.5369980801046808,1
39,3,0,0.6797342993283243,8801,0,0,0,0.17157849824830979,1
38,3,1,0.14336741115396662,691,0,1,1,0.4343872684055309,0
23,0,1,0.42404541931088047,9595,1,0,1,0.7826278388537616,1
23,2,0,0.9611198339358575,1361,0,0,1,0.7849228975957282,0
21,3,0,0.5503610311391811,7211,0,0,1,0.17939013193574482,1
47,1,0,0.48945622241773423,9775,0,1,0,0.1725767061982647,1
28,2,0,0.5119296446433645,1149,0,0,1,0.31015638160154824,0
47,1,1,0.2879944516046474,4634,1,0,1,0.7998128500431948,0
48,2,0,0.4318364537783157,8087,0,0,0,0.20312206805879918,1
41,1,1,0.432831930388459,9328,1,1,1,0.675997442101957,1
26,0,0,0.14711951816872518,1536,0,0,1,0.1809324956904826,0
20,3,1,0.7908108656661265,4631,1,1,1,0.5985102829982604,1
48,1,1,0.47485398871349105,2648,1,0,1,0.3848538392953159,0
57,2,1,0.839961898134781,5957,0,1,0,0.7311311703726936,1
54,3,1,0.8653132010079059,6579,0,0,1,0.28695235906029093,0
53,3,1,0.2907946492287923,2930,0,0,0,0.6113614635119679,0
41,2,1,0.6916181339531157,2379,0,1,1,0.28854602766070797,1
48,1,0,0.5250536237466835,8042,1,1,1,0.6709282264897231,1
23,0,1,0.8921410641293366,2511,1,0,1,0.798942427648599,0
19,0,0,0.2941666112588087,3873,0,1,0,0.20144143930140804,0
37,1,0,0.7100318802790397,7857,0,0,1,0.7932765508764028,1
45,3,1,0.6469769100274503,1789,1,0,1,0.5748602035314384,0
28,3,0,0.36577132981464955,1947,0,0,0,0.20168839269361918,0
21,3,1,0.22294081328605536,3699,1,1,0,0.4420334842877697,0
32,3,0,0.6864757844295489,6881,0,0,0,0.22868823478807832,0
23,1,1,0.7647377123190976,8022,1,1,0,0.6602783110932556,1
47,3,0,0.38406460938701503,6559,1,0,1,0.7070945075343598,0
55,2,1,0.6803493436200824,3683,1,1,1,0.18463721621823917,1
19,3,1,0.45561781685035296,5962,1,1,1,0.5049118821557155,0
32,0,1,0.7418861949543559,3716,1,0,1,0.7517000448207337,0
28,3,1,0.2792937474046478,3636,0,1,0,0.8489304332407972,0
25,1,0,0.9011935023725569,3818,1,0,1,0.510814293393416,0
43,0,1,0.3586686368190217,3282,0,0,1,0.8602233788891257,0
62,1,0,0.4310073889805376,9682,1,0,1,0.5285511763648238,1
61,1,0,0.15228275687231482,8157,1,0,1,0.41535239567992643,1
22,0,0,0.20036099108914876,5420,0,0,0,0.7785625028423164,0
23,1,1,0.5642757124410953,6824,0,1,1,0.4943861683664713,0
43,1,0,0.34083340905517434,6827,0,0,1,0.4775220084516184,0
21,3,0,0.8519322031679749,8917,0,1,1,0.49224999152786264,1
36,2,0,0.11322404978945846,1276,1,1,0,0.7774280014957963,0
37,1,1,0.44118464380474254,5708,0,0,0,0.7655532333504417,0
50,1,1,0.40361099209218343,1187,1,1,1,0.42281599395216896,0
37,1,0,0.11739486782584094,1029,0,0,1,0.36663988789642,0
29,3,1,0.2119315591004592,5567,0,1,1,0.4935424192313035,0
64,2,1,0.47227840742677174,8580,1,1,0,0.5582180077896872,1
18,0,0,0.543578126002702,6018,1,1,1,0.29066976850239756,0
43,3,0,0.4638607725293822,2653,0,0,1,0.7351640677724726,0
31,3,1,0.5778439105708845,9986,1,1,1,0.4891862125859383,1
55,2,0,0.6356185074151134,6594,1,0,0,0.3672364387359677,0
54,2,1,0.10893143901505208,7474,1,1,1,0.1854567943711925,1
28,3,1,0.5176856435081535,5274,1,1,1,0.29107612832288554,0
53,0,1,0.9671493167988294,8192,1,1,0,0.859424937404787,1
30,3,1,0.5671290521165938,3603,1,1,0,0.34407974945562125,0
60,2,1,0.7097880407130579,2940,1,0,1,0.23508743149362826,0
20,0,1,0.38067747212519487,4635,1,0,0,0.4685382333239946,0
50,2,0,0.7965922403374863,7624,0,1,1,0.34567019468819893,1
23,0,0,0.7956293336885035,5701,1,1,0,0.12812740021695534,1
27,1,1,0.5691664428887251,1344,0,0,0,0.35851617382353385,0
22,2,1,0.9784124409512922,946,1,0,1,0.5352868991515749,0
40,2,1,0.21299519328638805,4415,1,0,1,0.5413698976159735,0
27,3,0,0.1152528984006229,3609,1,0,1,0.385247136941511,0
61,2,1,0.7931423905813864,1734,1,1,0,0.4578422050020805,1
19,2,0,0.8264399836283943,7087,0,1,1,0.8724143345878131,1
